frame_no,timestamp,size_px-darkorange,position_px_x-darkorange,position_px_y-darkorange,rx-darkorange,ry-darkorange,vx-darkorange,vy-darkorange,ax-darkorange,ay-darkorange,size_px-green,position_px_x-green,position_px_y-green,rx-green,ry-green,vx-green,vy-green,ax-green,ay-green,size_px-hotpink,position_px_x-hotpink,position_px_y-hotpink,rx-hotpink,ry-hotpink,vx-hotpink,vy-hotpink,ax-hotpink,ay-hotpink,size_px-lightorange,position_px_x-lightorange,position_px_y-lightorange,rx-lightorange,ry-lightorange,vx-lightorange,vy-lightorange,ax-lightorange,ay-lightorange,size_px-yellowneon,position_px_x-yellowneon,position_px_y-yellowneon,rx-yellowneon,ry-yellowneon,vx-yellowneon,vy-yellowneon,ax-yellowneon,ay-yellowneon
0,134.8,8,753,58,51.27315464490512,3.9493266525956137,,,,,,,,,,,,,,,,,,,,,,,44,681,744,,,,,,,,,,,,,,,
1,134.8,,,,,,,,,,,,,,,,,,,,,,,,,,,,24,282,709,,,,,,,,,,,,,,,
2,225.0,,,,,,,,,,,,,,,,,,,,,,,,,,,,22,280,710,,,,,,,,,,,,,,,
3,250.4,14,1092,787,74.3562880109381,53.588277165392206,53.268741639388885,117.0115563750401,-2533.0855162952475,-5404.690825636958,13,277,805,18.861439358085946,54.813930264473605,,,,,7,185,772,12.59699018500325,52.56689958282438,,,,,,,,,,,,,,12,159,713,10.826602375219009,48.5494810913909,,,,
4,271.4,14,1092,787,74.3562880109381,53.588277165392206,,,,,13,276,805,18.79334751924809,54.813930264473605,,,,,13,189,773,12.869357540354672,52.63499142166223,,,,,,,,,,,,,,12,158,712,10.758510536381154,48.48138925255305,,,,
5,281.1,14,1091,787,74.28819617210024,53.588277165392206,,,,,13,276,805,18.79334751924809,54.813930264473605,,,,,13,189,773,12.869357540354672,52.63499142166223,,,,,,,,,,,,,,12,157,712,10.690418697543299,48.48138925255305,,,,
6,293.7,15,1091,787,74.28819617210024,53.588277165392206,-1.8589946413714153,0.0,-13.230247250263913,0.0,13,275,805,18.725255680410235,54.813930264473605,-2.536786508120873,0.0,28.098525112488083,0.0,13,188,771,12.801265701516817,52.49880774398652,0.8521728256256549,-4.221400190616176,-178.54533670132784,-122.3482864763499,,,,,,,,,,13,157,711,10.690418697543299,48.41329741371519,-2.536786508120873,-6.080394831987643,28.098525112488083,-135.5785337266238
7,304.0,15,1090,787,74.2201043332624,53.588277165392206,-2.438158282905775,0.0,106.70276949259411,0.0,13,275,805,18.725255680410235,54.813930264473605,-1.8394261617262304,-0.6203470202733115,15.293285343031213,-38.05809940327062,13,187,770,12.73317386267896,52.43071590514866,-2.438158282905934,-4.897931464905475,106.70276949260106,83.93795543236506,,,,,,,,,,12,157,709,10.690418697543299,48.27711373603948,-1.8394261617262304,-4.897931464905475,15.293285343031213,83.93795543236506
8,317.3,15,1090,787,74.2201043332624,53.588277165392206,-1.2054757489599093,0.0,37.32123061795387,0.0,13,274,805,18.65716384157238,54.813930264473605,-2.410951497920196,-0.3785389585990842,74.64246123591941,-20.913754618733936,13,186,769,12.665082023841105,52.36262406631081,-3.2378882882812614,-6.33605883023665,132.87744647261295,65.62990399690744,,,,,,,,,,13,156,708,10.622326858705444,48.20902189720163,-0.8269367903610335,-5.57898091303856,58.23498523669256,107.45741323437096
9,326.5,15,1090,787,74.2201043332624,53.588277165392206,-1.511361750688311,0.0,34.42737473094102,0.0,13,274,805,18.65716384157238,54.813930264473605,-1.5113617506885475,-0.21092452636983672,34.427374730946404,-12.861251607916868,13,187,768,12.73317386267896,52.29453222747295,-1.511361750688587,-5.166858831175187,34.42737473094731,64.69836936909309,,,,,,,,,,12,156,707,10.622326858705444,48.14093005836377,-1.5113617506885475,-6.678220581863678,34.427374730946404,99.12574410003636
10,349.7,15,1090,787,74.2201043332624,53.588277165392206,-0.21285715306126202,0.0,-9.315411512527879,0.0,13,274,804,18.65716384157238,54.745838425635746,-1.0232724748603448,-1.023272474860398,20.424600296613672,20.424600296614738,14,187,768,12.73317386267896,52.29453222747295,0.0,-3.110830715026933,0.0,-5.727856969409132,,,,,,,,,,12,156,707,10.622326858705444,48.14093005836377,-1.0232724748603448,-2.8979735619656934,20.424600296613672,3.5875545431177716
11,381.9,15,1090,787,74.2201043332624,53.588277165392206,-0.26680864908774676,0.0,-8.2603296931191,0.0,13,274,804,18.65716384157238,54.745838425635746,0.0,-0.640623731643579,0.0,12.799674957913663,13,187,765,12.73317386267896,52.09025671095939,0.6406237316435456,-3.629729522925114,-12.799674957912995,18.157381059177304,,,,,,,,,,12,157,706,10.690418697543299,48.07283821952591,0.3738150825558127,-2.6152907087258086,-21.060004651031665,-15.702298549765594
12,414.3,15,1090,787,74.2201043332624,53.588277165392206,-0.31834203673929673,-0.31834203673929673,-7.251527032785801,-7.251527032785801,13,274,804,18.65716384157238,54.745838425635746,-0.31834203673928013,-0.41295712031809756,-7.251527032785423,8.259142406361955,13,187,765,12.73317386267896,52.09025671095939,0.0,-2.8305815446506233,0.0,-11.480207944843354,,,,,,,,,,12,156,704,10.622326858705444,47.9366545418502,0.31834203673928013,-2.8305815446506335,7.251527032785423,-11.480207944841734
13,449.9,15,1089,787,74.15201249442454,53.588277165392206,-0.3396099995550413,0.0,6.7854145765243,0.0,13,274,804,18.65716384157238,54.745838425635746,-0.3402888799444727,0.0,-6.792193212464527,0.0,13,187,763,12.73317386267896,51.95407303328368,0.0,-3.7397832774419726,0.0,-6.826086392168494,,,,,,,,,,12,156,703,10.622326858705444,47.86856270301235,0.3402888799444727,-3.7404621578314208,6.792193212464527,-20.403694181156254
14,482.0,15,1089,787,74.15201249442454,53.588277165392206,-0.34011907511417894,0.0,6.79558591636721,0.0,13,274,804,18.65716384157238,54.745838425635746,-0.34011907511416123,0.0,-6.795585916366855,0.0,13,187,761,12.73317386267896,51.81788935560797,-0.34011907511416123,-3.741309826255791,-6.795585916366855,-20.38675774910092,,,,,,,,,,12,156,701,10.622326858705444,47.73237902533664,0.0,-4.081428901369935,13.59117183273371,-13.59117183273442
15,514.3,15,1089,786,74.15201249442454,53.52018532655435,-0.34011839419511,0.0013645659085735002,6.815999883669534,13.645659085743205,13,273,804,18.589072002734525,54.745838425635746,-0.3401183941950922,0.0,6.815999883669178,0.0,14,187,760,12.73317386267896,51.74979751677011,0.0,-4.432455651804805,0.0,-20.55727419824029,,,,,,,,,,12,157,699,10.690418697543299,47.59619534766093,0.3401183941950922,-3.749489731597473,-6.815999883669178,-6.89795579409508
16,550.0,15,1089,787,74.15201249442454,53.588277165392206,0.0,0.0,0.0,0.0,13,273,804,18.589072002734525,54.745838425635746,-0.3399491005638793,0.0,6.798982011277584,0.0,13,187,757,12.73317386267896,51.54552200025654,0.0,-3.742841296953831,0.0,6.764987101222255,,,,,,,,,,12,157,696,10.690418697543299,47.39191983114736,0.3399491005638793,-3.742161058803603,-6.798982011277584,20.36975010578799
17,582.1,15,1089,787,74.15201249442454,53.588277165392206,0.0,0.0,0.0,0.0,13,273,804,18.589072002734525,54.745838425635746,-0.3396086412845751,-0.3416534453433959,6.805784394480465,-6.826242664203713,13,186,754,12.665082023841105,51.34124648374298,0.0020448040588030396,-3.402220825022195,13.632027058683823,27.161762768753185,,,,,,,,,,12,157,694,10.690418697543299,47.25573615347165,0.3396086412845751,-3.743874270365555,-6.805784394480465,20.335520104550184
18,614.1,15,1089,787,74.15201249442454,53.588277165392206,0.339608641284593,0.00204480405880233,6.805784394480816,-13.632027058684518,14,273,804,18.589072002734525,54.745838425635746,0.0,-0.339608641284593,0.0,-6.805784394480816,14,187,752,12.73317386267896,51.20506280606727,0.0,-3.41244484531617,0.0,40.99837252466584,,,,,,,,,,13,157,693,10.690418697543299,47.18764431463379,0.0,-3.068746595914009,0.0,20.540102801779753
19,650.0,15,1089,787,74.15201249442454,53.588277165392206,0.0,-0.34148296010368423,0.0,-6.829659202073684,14,273,804,18.589072002734525,54.745838425635746,0.0,0.0,0.0,0.0,14,187,752,12.73317386267896,51.20506280606727,0.0,-2.7250408512864586,0.0,13.591021812125192,,,,,,,,,,12,157,692,10.690418697543299,47.11955247579594,0.0,-2.3849224570913847,0.0,6.775021928456372
20,681.9,15,1089,787,74.15201249442454,53.588277165392206,0.0,0.0,0.0,0.0,14,273,803,18.589072002734525,54.67774658679789,0.0,-0.015369743338496758,0.0,13.364994207388065,14,187,751,12.73317386267896,51.13697096722941,0.34502768515460885,-1.6943989390960703,-6.758622627906146,7.063124724756341,,,,,,,,,,13,157,690,10.690418697543299,46.98336879812023,0.0,-1.7097686824345655,0.0,20.428118932143015
21,714.2,15,1090,786,74.2201043332624,53.52018532655435,0.0006788803894488227,-0.3402888799444903,-13.577607788989186,6.792193212464882,14,273,803,18.589072002734525,54.67774658679789,0.0,-0.0006788803894488227,0.0,13.577607788989186,14,187,750,12.73317386267896,51.06887912839156,0.0,-1.0201877594439868,0.0,6.79897184840475,,,,,,,,,,12,157,690,10.690418697543299,46.98336879812023,0.0,-1.3604766393884413,0.0,13.591165060868923
22,749.8,15,1089,786,74.15201249442454,53.52018532655435,0.0,-0.001364565908574698,0.0,13.645659085743219,14,273,804,18.589072002734525,54.745838425635746,0.0,0.0,0.0,0.0,13,187,749,12.73317386267896,51.0007872895537,0.0,-1.0244488803110172,0.0,20.48897760622034,,,,,,,,,,13,157,689,10.690418697543299,46.91527695928237,0.0,-1.0244488803110172,0.0,20.48897760622034
23,784.0,15,1089,787,74.15201249442454,53.588277165392206,0.3545256323545048,-0.3545256323545048,6.944674482948182,-6.944674482948182,14,273,804,18.589072002734525,54.745838425635746,0.0,-0.02790147107030141,0.0,-13.610473692829883,13,187,749,12.73317386267896,51.0007872895537,0.0,-0.6532483225683727,0.0,13.331598419762706,,,,,,,,,,12,157,689,10.690418697543299,46.91527695928237,0.3545256323544863,-0.32662416128420335,6.9446744829478195,6.665799209881702
24,814.4,15,1089,786,74.15201249442454,53.52018532655435,-0.3423040007063748,0.3322810026261542,6.73164209845378,6.63235534183941,14,273,804,18.589072002734525,54.745838425635746,0.0,0.010022998080220615,0.0,-13.363997440293192,14,187,749,12.73317386267896,51.0007872895537,0.0,-0.674585003332529,0.0,0.09928675661436977,,,,,,,,,,13,157,689,10.690418697543299,46.91527695928237,0.0,-0.3423040007063748,0.0,6.73164209845378
25,849.8,15,1089,787,74.15201249442454,53.588277165392206,0.0,0.3407993132644073,0.0,-6.802381502283577,14,273,804,18.589072002734525,54.745838425635746,0.0,0.0,0.0,0.0,14,187,749,12.73317386267896,51.0007872895537,0.0,0.0,0.0,0.0,,,,,,,,,,12,157,689,10.690418697543299,46.91527695928237,0.0,-0.33944019472469394,0.0,-6.788803894493878
26,882.0,15,1090,786,74.2201043332624,53.52018532655435,0.014576531790607793,-0.014576531790607793,-13.88241122915016,13.88241122915016,14,273,803,18.589072002734525,54.67774658679789,0.0,-0.3510901043417389,0.0,7.01478729953524,14,187,749,12.73317386267896,51.0007872895537,0.0,-0.673027145102227,0.0,-13.735247859229121,,,,,,,,,,12,158,689,10.758510536381154,46.91527695928237,0.35109010434172055,-0.673027145102227,-7.014787299534874,-13.735247859229121
27,916.1,15,1089,787,74.15201249442454,53.588277165392206,0.0,-0.021050329030952785,0.0,-13.580857439324303,14,273,803,18.589072002734525,54.67774658679789,0.0,-0.32958700147482106,0.0,6.685334715513611,14,187,748,12.73317386267896,50.93269545071584,0.0,-1.3814989929920696,0.0,-14.001233455917031,,,,,,,,,,13,157,689,10.690418697543299,46.91527695928237,0.3506373305057556,-1.4025493220230223,6.895522723810333,-27.582090895241333
28,950.0,15,1089,787,74.15201249442454,53.588277165392206,0.0,0.0,0.0,0.0,14,273,804,18.589072002734525,54.745838425635746,0.0,-0.34131093870249196,0.0,-6.812593586876085,14,187,749,12.73317386267896,51.0007872895537,0.0,-2.047865632214845,0.0,-40.87556152125438,,,,,,,,,,13,157,688,10.690418697543299,46.84718512044452,0.3413109387024742,-1.7045139749843445,6.812593586875731,-20.458177747415306
29,982.1,15,1089,787,74.15201249442454,53.588277165392206,-0.34011907511417894,0.34011907511417894,6.79558591636721,-6.79558591636721,14,273,803,18.589072002734525,54.67774658679789,0.0,0.34011907511417894,0.0,6.79558591636721,14,187,747,12.73317386267896,50.86460361187799,0.0,-2.72095260091329,0.0,-27.182343665467425,,,,,,,,,,13,158,687,10.758510536381154,46.77909328160666,0.0,-2.72095260091329,0.0,-27.182343665467425
30,1014.7,15,1089,786,74.15201249442454,53.52018532655435,0.0,-0.05599350817213267,0.0,12.872070844168528,14,273,803,18.589072002734525,54.67774658679789,0.0,0.0,0.0,0.0,13,187,745,12.73317386267896,50.72841993420228,0.3038896499858413,-2.902987374388903,6.164090263404488,-16.860599838136373,,,,,,,,,,13,158,685,10.758510536381154,46.64290960393095,0.3598831581579632,-3.262870532546853,-6.707980580763529,-10.152619257371848
31,1049.9,15,1089,787,74.15201249442454,53.588277165392206,0.0,0.0,0.0,0.0,14,273,803,18.589072002734525,54.67774658679789,0.0,-0.34097047942318787,0.0,6.819409588463756,14,187,743,12.73317386267896,50.59223625652657,0.3402888794348125,-4.427845032582663,6.81259017887512,-6.77167372134455,,,,,,,,,,12,158,684,10.758510536381154,46.574817765093094,0.6812593588579737,-4.086192953171145,-0.006819409588457596,-27.22308307714523
32,1082.2,15,1089,787,74.15201249442454,53.588277165392206,0.3411407941776608,-0.3411407941776608,6.815999883669545,-6.815999883669545,14,273,804,18.589072002734525,54.745838425635746,0.0,-0.0013618381385963926,0.0,-13.618381385953125,14,187,741,12.73317386267896,50.45605257885086,0.3411407941776519,-4.76780008965546,6.815999883669368,-13.713710055654873,,,,,,,,,,13,158,681,10.758510536381154,46.37054224857953,0.34114079417764304,-4.76780008965546,6.81599988366919,-13.713710055654873
33,1122.0,15,1089,787,74.15201249442454,53.588277165392206,0.0,-0.10153489481880104,0.0,-13.720931732270454,14,273,803,18.589072002734525,54.67774658679789,0.0,0.0,0.0,0.0,14,188,739,12.801265701516817,50.31986890117514,0.2937930984340242,-5.320710529879419,-6.352283209384306,-28.204137449664504,,,,,,,,,,13,158,679,10.758510536381154,46.23435857090382,0.39532799325281226,-5.320710529879429,7.3686485228856,-28.20413744966594
34,1149.9,15,1089,787,74.15201249442454,53.588277165392206,0.0,0.0,0.0,0.0,14,273,803,18.589072002734525,54.67774658679789,0.0,0.0,0.0,0.0,14,188,736,12.801265701516817,50.11559338466158,0.6812593588579834,-5.109785991429046,0.0068194095882951776,-6.867145455583089,,,,,,,,,,13,159,676,10.826602375219009,46.03008305439025,0.6812593588579745,-5.450074870863796,0.006819409588473254,-0.05455527670778603
35,1182.1,15,1090,786,74.2201043332624,53.52018532655435,0.002040718528045916,-0.002040718528045916,-13.604790186965149,13.604790186965149,14,273,803,18.589072002734525,54.67774658679789,0.0,-0.34131093870249307,0.0,6.812593586876107,14,188,733,12.801265701516817,49.91131786814801,0.6805811588769137,-5.444649271015274,-0.020396986787242773,0.16317589429723547,,,,,,,,,,13,159,673,10.826602375219009,45.825807537876685,0.3413109387024753,-5.444649271015274,-6.812593586875753,0.16317589429723547
36,1214.5,15,1089,786,74.15201249442454,53.52018532655435,0.0,-0.381852030943809,0.0,7.660020680918933,14,273,803,18.589072002734525,54.67774658679789,0.0,0.0,0.0,0.0,14,188,730,12.801265701516817,49.70704235163445,0.3286913337568163,-5.737507614791813,7.106839648796028,19.192308586693834,,,,,,,,,,13,159,670,10.826602375219009,45.62153202136312,0.7105433647006053,-5.737507614791852,-0.5531810321225056,19.192308586694633
37,1249.8,16,1089,787,74.15201249442454,53.588277165392206,0.0,0.0,0.0,0.0,14,273,803,18.589072002734525,54.67774658679789,0.0,0.0,0.0,0.0,13,189,728,12.869357540354672,49.57085867395873,0.3409704794231712,-5.10978599142901,-6.819409588463422,6.867145455583798,,,,,,,,,,13,160,668,10.894694214056864,45.48534834368741,0.3409704794231712,-5.1097859914290105,-6.819409588463422,6.8671454555823805
38,1282.3,15,1089,787,74.15201249442454,53.588277165392206,-0.3389297608951433,0.3389297608951433,6.798992194486322,-6.798992194486322,14,273,803,18.589072002734525,54.67774658679789,0.0,0.0,0.0,0.0,13,189,725,12.869357540354672,49.36658315744517,0.3389297608951256,-4.423126993688779,-6.798992194485968,20.226490319804437,,,,,,,,,,13,159,665,10.826602375219009,45.281072827173844,0.3423377813055512,-4.423126993688779,6.833089447216589,20.226490319804437
39,1314.2,15,1089,786,74.15201249442454,53.52018532655435,0.0,0.3409704789094234,0.0,6.839929366287327,14,273,803,18.589072002734525,54.67774658679789,0.0,0.0,0.0,0.0,14,189,723,12.869357540354672,49.23039947976946,0.3416548148715787,-3.7554656197386906,-6.846789877185949,20.56781167515412,,,,,,,,,,13,160,663,10.894694214056864,45.144889149498134,0.6826252937809932,-3.7554656197386906,-0.006860510898799805,20.56781167515412
40,1349.8,16,1089,787,74.15201249442454,53.588277165392206,0.34148296010368423,0.0,6.829659202073684,0.0,14,273,803,18.589072002734525,54.67774658679789,0.0,0.0,0.0,0.0,14,189,721,12.869357540354672,49.09421580209375,0.0,-3.7467605997803264,0.0,20.393362377389867,,,,,,,,,,13,160,661,10.894694214056864,45.008705471822424,0.34148296010367535,-3.7467605997803264,6.829659202073506,20.39336237739129
41,1382.0,15,1089,787,74.15201249442454,53.588277165392206,0.3394381560448818,-0.3394381560448818,6.809190692976564,-6.809190692976564,14,273,803,18.589072002734525,54.67774658679789,0.0,0.0,0.0,0.0,14,189,720,12.869357540354672,49.02612396325589,0.0,-3.0685891045086717,0.0,6.945784287619974,,,,,,,,,,13,160,660,10.894694214056864,44.940613632984565,0.6816054521107126,-3.0685891045086717,-0.02731871892850409,6.945784287619974
42,1414.0,15,1089,787,74.15201249442454,53.588277165392206,0.0,0.34148296010368423,0.0,-6.829659202073684,14,273,803,18.589072002734525,54.67774658679789,0.0,0.0,0.0,0.0,14,189,719,12.869357540354672,48.95803212441804,0.0,-3.0665238113901427,0.0,-6.761362610052936,,,,,,,,,,13,161,659,10.962786052894721,44.872521794146714,0.34148296010367535,-3.0665238113901427,-6.829659202073506,-6.761362610052936
43,1449.6,15,1090,787,74.2201043332624,53.588277165392206,0.0034012111380232746,0.0,-13.604844552086933,0.0,14,273,803,18.589072002734525,54.67774658679789,0.0,0.0,0.0,0.0,14,189,717,12.869357540354672,48.82184844674232,0.3385926934846593,-2.7223463924294027,6.785424719131452,0.13598045529398664,,,,,,,,,,12,161,657,10.962786052894721,44.736338116471,0.3419939046226913,-2.7223463924293667,-6.819419832954949,0.1359804552932765
44,1482.1,15,1090,786,74.2201043332624,53.52018532655435,0.3397789560390653,0.0013618381385941134,-6.802381502283585,13.61838138595311,14,273,803,18.589072002734525,54.67774658679789,0.0,0.34114079417765947,0.0,6.815999883669526,14,189,716,12.869357540354672,48.75375660790447,0.0,-3.0648197950444165,0.0,-6.870473409213286,,,,,,,,,,13,161,656,10.962786052894721,44.668246277633145,0.33977895603905645,-2.723679000866757,-6.802381502283407,-0.05447352554375977
45,1514.0,15,1089,787,74.15201249442454,53.588277165392206,0.0,0.0,0.0,0.0,14,273,803,18.589072002734525,54.67774658679789,0.0,0.0,0.0,0.0,14,189,714,12.869357540354672,48.61757293022876,0.3404591941892754,-3.0641327477034963,6.809183883785507,6.809183883785859,,,,,,,,,,13,161,654,10.962786052894721,44.532062599957435,0.0,-3.0641327477034963,0.0,6.809183883785859
46,1549.9,15,1089,787,74.15201249442454,53.588277165392206,-0.0033674689640319244,-0.3369173630072908,13.46987585613369,-6.718192682099506,14,273,803,18.589072002734525,54.67774658679789,0.0,0.0,0.0,0.0,14,190,713,12.937449379192527,48.5494810913909,0.340284831971305,-3.0457261429215685,-6.751683174033832,-6.584230714360096,,,,,,,,,,13,161,653,10.962786052894721,44.46397076111958,0.3369173630072732,-2.708808779914348,6.718192682099155,0.1339619677380075
47,1582.0,15,1090,787,74.2201043332624,53.588277165392206,-0.3397789560390653,0.34114079417765947,-6.802381502283585,-6.815999883669526,14,273,804,18.589072002734525,54.745838425635746,0.0,0.0013618381385941134,0.0,-13.61838138595311,14,189,711,12.869357540354672,48.41329741371519,0.6795579120780952,-3.0648197950444165,13.60476300456646,6.870473409213286,,,,,,,,,,12,161,652,10.962786052894721,44.395878922281724,0.3397789560390476,-2.723679000866757,6.80238150228323,0.05447352554375977
48,1614.0,15,1089,787,74.15201249442454,53.588277165392206,0.34045919418929316,0.0,6.809183883785862,0.0,14,273,803,18.589072002734525,54.67774658679789,0.0,0.0,0.0,0.0,14,190,710,12.937449379192527,48.34520557487734,0.3404591941892754,-2.7236735535142382,-6.809183883785507,-7.112366251504907e-13,,,,,,,,,,13,161,650,10.962786052894721,44.259695244606014,0.3404591941892754,-2.383214359324946,6.809183883785507,6.809183883785151
49,1650.7,15,1090,786,74.2201043332624,53.52018532655435,-0.011588034975930485,0.011588034975930485,-13.63298232462374,13.63298232462374,14,273,803,18.589072002734525,54.67774658679789,0.0,0.0,0.0,0.0,13,190,708,12.937449379192527,48.20902189720163,0.3464728002172529,-3.0603150270756454,6.874460321770894,6.29476872717603,,,,,,,,,,12,162,649,11.030877891732576,44.191603405768156,0.681357565458576,-2.3789574616170674,0.11593831891875904,6.410707046096921
50,1682.1,15,1089,787,74.15201249442454,53.588277165392206,-0.3404585153089045,0.0,6.7888038944945945,0.0,14,273,803,18.589072002734525,54.67774658679789,0.0,-0.3404585153089045,0.0,6.7888038944945945,14,191,707,13.005541218030382,48.14093005836377,0.3418149223881075,-2.7182424941542105,-20.352874686684107,0.05414798719444533,,,,,,,,,,12,162,648,11.030877891732576,44.123511566930304,0.3404585153088867,-2.7182424941542105,-6.78880389449424,0.05414798719444533
51,1714.0,15,1090,787,74.2201043332624,53.588277165392206,0.0006802381502276932,0.0,-13.604763004567173,0.0,14,273,803,18.589072002734525,54.67774658679789,0.0,0.0,0.0,0.0,14,190,706,12.937449379192527,48.07283821952591,0.0,-3.062262857675847,0.0,-6.771786083231446,,,,,,,,,,13,162,647,11.030877891732576,44.055419728092446,0.6805784392779873,-2.721633518961722,-0.006798982011270942,-13.577567076520669
52,1749.8,15,1089,787,74.15201249442454,53.588277165392206,-0.00686415893267919,0.3452758089709829,13.728317865355349,-6.898617561857792,14,273,803,18.589072002734525,54.67774658679789,0.0,0.0,0.0,0.0,14,191,704,13.005541218030382,47.9366545418502,0.34527580897096494,-3.0731614860753083,-6.898617561857432,-6.554031270055206,,,,,,,,,,13,163,646,11.098969730570431,43.987327889254594,0.34527580897096494,-2.7278856771043247,-6.898617561857432,-13.452648831914432
53,1782.4,15,1089,787,74.15201249442454,53.588277165392206,0.3430234914363425,0.0,6.839949978790466,0.0,14,273,803,18.589072002734525,54.67774658679789,0.0,0.0,0.0,0.0,13,190,703,12.937449379192527,47.86856270301235,0.0047712572309694355,-3.4111498854393676,13.632163517050259,-13.870845719700055,,,,,,,,,,13,162,644,11.030877891732576,43.851144211578884,0.6860469828726491,-3.068126394003061,13.679899957580218,-7.030895740910305
54,1814.1,15,1089,787,74.15201249442454,53.588277165392206,-0.0013564070792208836,0.0,13.564070792190575,0.0,14,273,803,18.589072002734525,54.67774658679789,0.0,0.0,0.0,0.0,14,190,701,12.937449379192527,47.73237902533664,0.3391021082296659,-3.7369052259224467,6.775266897695628,-6.707581913703632,,,,,,,,,,13,163,642,11.098969730570431,43.714960533903174,0.6795606235385526,-3.3978031176927628,-0.013536996798611332,0.06768498399234708
55,1849.9,15,1090,787,74.2201043332624,53.588277165392206,0.3407972786537878,0.0,-6.782035396095279,0.0,14,273,803,18.589072002734525,54.67774658679789,0.0,0.0,0.0,0.0,14,191,699,13.005541218030382,47.59619534766093,0.0,-4.070615435182169,0.0,-13.375118562249664,,,,,,,,,,12,163,641,11.098969730570431,43.646868695065315,0.33808986313047407,-3.732525572051712,6.755042220389083,-6.620076341859517
56,1882.0,15,1090,787,74.2201043332624,53.588277165392206,0.0034148501517488232,0.0,-13.659400606995163,0.0,14,273,803,18.589072002734525,54.67774658679789,0.0,0.0,0.0,0.0,13,191,697,13.005541218030382,47.46001166998522,0.6819498502793496,-4.430966601739917,-0.03419980121931478,-6.607401595572033,,,,,,,,,,13,164,639,11.167061569408286,43.510685017389605,0.6853647004310984,-4.088284251524386,-13.693600408213765,-13.45420179967856
57,1914.4,15,1090,787,74.2201043332624,53.588277165392206,0.34212685275418897,0.0,-6.7149529490518045,0.0,14,273,803,18.589072002734525,54.67774658679789,0.0,0.0,0.0,0.0,14,191,695,13.005541218030382,47.3238279923095,0.6735941295609591,-4.373032054172561,-0.10543596387124839,-5.976901201951668,,,,,,,,,,13,164,637,11.167061569408286,43.374501339713895,0.34212685275417115,-4.030905201418406,-6.714952949051455,-12.691854151004165
58,1950.4,15,1090,787,74.2201043332624,53.588277165392206,-0.3423336840032947,0.0,-6.812610626931239,0.0,14,273,803,18.589072002734525,54.67774658679789,0.0,0.0,0.0,0.0,13,191,692,13.005541218030382,47.11955247579594,0.34233368400327696,-4.4170723549679085,6.812610626930883,6.48045349188671,,,,,,,,,,12,164,635,11.167061569408286,43.238317662038185,0.6799151484244526,-4.07949089054675,0.0474510192920751,-0.2847061157531638
59,1982.1,15,1089,787,74.15201249442454,53.588277165392206,-0.0006788803894519504,0.0,13.577607788989155,0.0,14,273,803,18.589072002734525,54.67774658679789,0.0,0.0,0.0,0.0,13,192,690,13.073633056868237,46.98336879812023,0.6798988794995044,-4.080072157386461,-0.0067786359404316465,13.618279604632093,,,,,,,,,,12,164,632,11.167061569408286,43.034042145524616,0.33960999955502186,-4.080072157386461,6.7854145765239195,13.618279604632093
60,2016.3,15,1090,787,74.2201043332624,53.588277165392206,0.0,0.0,0.0,0.0,14,273,803,18.589072002734525,54.67774658679789,0.0,0.0,0.0,0.0,14,192,688,13.073633056868237,46.84718512044452,0.6828874098220242,-4.068598429226389,0.28783596899519354,11.952045950649866,,,,,,,,,,13,164,630,11.167061569408286,42.897858467848906,0.3558067197638585,-3.712791709462546,6.983448866807831,18.93549481745876
61,2050.2,15,1089,787,74.15201249442454,53.588277165392206,-0.0020448040588071075,0.0,13.632027058684518,0.0,14,273,803,18.589072002734525,54.67774658679789,0.0,0.3396086412845906,0.0,6.805784394480792,14,192,686,13.073633056868237,46.71100144276881,0.6812620866279615,-3.0687465959140154,-0.02045826972275333,20.540102801778545,,,,,,,,,,12,165,629,11.235153408246141,42.82976662901105,0.3416534453433798,-3.4083552371986063,-6.8262426642033684,13.734318407299172
62,2082.3,15,1090,787,74.2201043332624,53.588277165392206,0.34429664631424556,0.0,-6.69186873302715,0.0,14,273,803,18.589072002734525,54.67774658679789,0.0,0.0,0.0,0.0,14,193,685,13.141724895706094,46.64290960393095,0.3442966463142366,-2.374414521700787,-6.6918687330269755,20.426782983904236,,,,,,,,,,12,165,627,11.235153408246141,42.69358295133534,0.6707622913790515,-2.374414521700787,-0.17558839241157018,20.426782983904236
63,2114.0,15,1090,787,74.2201043332624,53.588277165392206,-0.2994550070427443,0.0,-6.13009226290162,0.0,14,273,803,18.589072002734525,54.67774658679789,0.0,0.0,0.0,0.0,13,193,683,13.141724895706094,46.50672592625524,0.36592321471076045,-2.129071080596518,-6.776355827977045,27.751686876983076,,,,,,,,,,13,165,626,11.235153408246141,42.625491112497485,0.3659232147107509,-1.7631478658857478,-6.776355827976869,20.975331049005856
64,2150.3,15,1090,787,74.2201043332624,53.588277165392206,0.338925674850618,0.0,-6.819430077477248,0.0,14,273,804,18.589072002734525,54.745838425635746,0.0,-0.004790409508655404,0.0,-13.686884310429738,13,193,683,13.141724895706094,46.50672592625524,0.33892567485060915,-1.3604931089110919,-6.81943007747707,13.590835999478541,,,,,,,,,,13,165,625,11.235153408246141,42.55739927365963,0.34371608435926443,-1.6994187837616386,6.86745423295231,20.410266076955793
65,2185.2,15,1090,787,74.2201043332624,53.588277165392206,-0.3613482110341583,0.0,-7.023288844201354,0.0,14,273,803,18.589072002734525,54.67774658679789,0.0,0.0,0.0,0.0,14,193,683,13.141724895706094,46.50672592625524,0.0,-1.0035457303255806,0.0,6.2178971205702345,,,,,,,,,,13,166,625,11.303245247083998,42.55739927365963,0.32109875964571943,-1.0035457303255428,-6.6205929823859675,6.217897120570967
66,2222.0,15,1089,787,74.15201249442454,53.588277165392206,0.10724307509272954,0.0,13.661538228373358,0.0,14,273,803,18.589072002734525,54.67774658679789,0.0,0.39777379404829427,0.0,7.366181371264709,13,193,682,13.141724895706094,46.438634087417384,0.0,-0.6883045130038176,0.0,-1.0708245141552921,,,,,,,,,,12,165,625,11.235153408246141,42.55739927365963,0.3977737940482839,-1.0860783070521118,7.366181371264517,-8.437005885420001
67,2249.7,15,1090,787,74.2201043332624,53.588277165392206,-0.3384177926953261,0.0,-6.809211120630329,0.0,14,273,803,18.589072002734525,54.67774658679789,0.0,-0.34388708259343037,0.0,6.864013624619349,13,193,682,13.141724895706094,46.438634087417384,0.0,-1.0207226679840473,0.0,-6.754408616640598,,,,,,,,,,13,166,624,11.303245247083998,42.489307434821775,0.3438870825934214,-1.0207226679840113,-6.8640136246191705,-6.754408616641314
68,2282.2,16,1089,787,74.15201249442454,53.588277165392206,-0.021059331599337764,0.0,14.039554399558481,0.0,14,273,803,18.589072002734525,54.67774658679789,0.0,0.0,0.0,0.0,13,193,682,13.141724895706094,46.438634087417384,0.0,-1.6974320136480718,0.0,-20.52483079732263,,,,,,,,,,13,166,624,11.303245247083998,42.489307434821775,0.0,-1.6974320136480345,0.0,-20.52483079732337
69,2314.3,15,1090,787,74.2201043332624,53.588277165392206,0.05544011004499881,0.0,-14.784029345333936,0.0,14,273,804,18.589072002734525,54.745838425635746,0.0,0.05544011004499881,0.0,-14.784029345333936,13,193,681,13.141724895706094,46.37054224857953,0.0,-2.022375560769677,0.0,-27.836457127575084,,,,,,,,,,13,166,623,11.303245247083998,42.42121559598392,0.38326268516578665,-2.405638245935474,-7.6806149331821185,-20.15584219439277
70,2349.9,15,1089,787,74.15201249442454,53.588277165392206,0.0020407185280460643,0.0,13.604790186965086,0.0,14,273,803,18.589072002734525,54.67774658679789,0.0,0.3413109387024924,0.0,6.812593586876077,14,193,680,13.141724895706094,46.302450409741674,0.3413109387024746,-2.3850951338612125,6.812593586875722,-20.478574734200944,,,,,,,,,,12,166,622,11.303245247083998,42.353123757146065,0.3413109387024746,-2.385095133861248,6.812593586875722,-20.47857473420165
71,2382.2,15,1090,787,74.2201043332624,53.588277165392206,0.34045919418929316,0.0,-6.809183883785862,0.0,14,273,803,18.589072002734525,54.67774658679789,0.0,0.0,0.0,0.0,14,193,678,13.141724895706094,46.166266732065964,0.3404591941892754,-3.0641327477034963,6.809183883785507,-6.809183883785859,,,,,,,,,,12,166,620,11.303245247083998,42.216940079470355,0.3404591941892754,-3.0641327477034963,6.809183883785507,-6.809183883785859
72,2414.1,15,1089,787,74.15201249442454,53.588277165392206,-0.0013645659085762794,0.0,13.645659085743251,0.0,14,273,803,18.589072002734525,54.67774658679789,0.0,-0.34148296010368545,0.0,6.829659202073708,13,193,676,13.141724895706094,46.03008305439025,0.34011839419509143,-3.408006771493831,6.8159998836691855,0.0682965920208285,,,,,,,,,,13,166,618,11.303245247083998,42.08075640179464,0.34011839419509143,-3.067888377298722,6.8159998836691855,6.884296475690371
73,2449.8,15,1090,787,74.2201043332624,53.588277165392206,0.0281274467368303,0.0,-13.082533365968406,0.0,14,273,804,18.589072002734525,54.745838425635746,0.0,0.34798000386005085,0.0,-6.679078768906938,13,194,675,13.20981673454395,45.9619912155524,0.3479800038600327,-3.019310247792994,-6.67907876890659,7.7815754562874,,,,,,,,,,13,167,617,11.371337085921853,42.012664562956786,0.3479800038600327,-3.0193102477929967,-6.67907876890659,7.781575456288765
74,2482.2,15,1090,787,74.2201043332624,53.588277165392206,-0.34045919418929316,0.0,-6.809183883785862,0.0,14,273,803,18.589072002734525,54.67774658679789,0.0,0.0,0.0,0.0,13,194,673,13.20981673454395,45.825807537876685,0.3404591941892754,-2.7236735535142027,-6.809183883785507,13.618367767571721,,,,,,,,,,12,167,615,11.371337085921853,41.876480885281076,0.6809183883785508,-2.7236735535142382,0.0,13.61836776757101
75,2514.1,15,1090,787,74.2201043332624,53.588277165392206,0.34876307697439773,0.0,-6.643106228083767,0.0,14,273,803,18.589072002734525,54.67774658679789,0.0,0.3163383918135128,0.0,6.326767836270256,13,194,671,13.20981673454395,45.689623860200975,0.3487630769743796,-2.3764921684989084,-6.643106228083421,20.561995467877598,,,,,,,,,,13,167,614,11.371337085921853,41.80838904644322,0.6651014687878759,-2.027729091524511,-0.3163383918134954,13.918889239793833
76,2554.0,15,1089,787,74.15201249442454,53.588277165392206,0.05655706043305346,0.0,13.628207333266356,0.0,14,273,804,18.589072002734525,54.745838425635746,0.0,0.0,0.0,0.0,13,194,671,13.20981673454395,45.689623860200975,0.0,-1.9922150726600036,0.0,11.932343452215335,,,,,,,,,,13,167,613,11.371337085921853,41.740297207605366,0.36974055239869547,-1.9922150726599706,7.096747646807987,11.932343452214651
77,2582.2,16,1089,787,74.15201249442454,53.588277165392206,0.0,0.0,13.618367767571725,0.0,14,273,803,18.589072002734525,54.67774658679789,0.0,0.0,0.0,0.0,13,194,670,13.20981673454395,45.62153202136312,0.3404591941892754,-1.7022959709463592,6.809183883785507,6.809183883785151,,,,,,,,,,13,168,612,11.439428924759708,41.67220536876751,0.3404591941892754,-1.3618367767571016,-6.809183883785507,13.618367767571725
78,2619.1,15,1090,787,74.2201043332624,53.588277165392206,0.0,0.0,0.0,0.0,14,273,804,18.589072002734525,54.745838425635746,0.0,-0.06826249507554742,0.0,-13.652499015109502,13,194,669,13.20981673454395,45.553440182525264,0.3762970041039359,-1.368663026264656,7.1675619829321136,-1.3652499015108768,,,,,,,,,,13,168,612,11.439428924759708,41.67220536876751,0.308034509028392,-1.368663026264656,-6.484937032176675,-1.3652499015108768
79,2649.9,15,1090,787,74.2201043332624,53.588277165392206,0.3629763969772498,0.0,-7.237814496056846,0.0,14,273,804,18.589072002734525,54.745838425635746,0.0,-0.3318285380632147,0.0,-6.920303192142114,13,194,669,13.20981673454395,45.553440182525264,0.33182853806319745,-1.7214384081440366,6.920303192141753,-6.285280584311963,,,,,,,,,,12,168,611,11.439428924759708,41.604113529929656,0.3629763969772309,-1.3896098700808566,-7.237814496056468,0.6350226078294292
80,2682.2,15,1090,787,74.2201043332624,53.588277165392206,0.3401183941951099,0.0,-6.815999883669525,0.0,14,273,803,18.589072002734525,54.67774658679789,0.0,0.0,0.0,0.0,13,195,668,13.277908573381804,45.48534834368741,0.34011839419509216,-1.704685668701198,-6.8159998836691695,-6.856977838881931,,,,,,,,,,12,168,611,11.439428924759708,41.604113529929656,0.0,-1.364567274506088,0.0,-13.672977722551455
81,2714.1,15,1090,787,74.2201043332624,53.588277165392206,0.0,0.0,0.0,0.0,14,273,803,18.589072002734525,54.67774658679789,0.0,-0.03583780991466248,0.0,14.335123965864971,14,195,667,13.277908573381804,45.417256504849554,0.36756728117600584,-1.73032297613603,-7.351345623520115,-6.248643779991731,,,,,,,,,,13,168,610,11.439428924759708,41.5360216910918,0.33172947126134517,-1.7303229761360646,6.9837783423441095,-6.248643779992461
82,2750.2,15,1090,787,74.2201043332624,53.588277165392206,0.0,0.0,0.0,0.0,14,273,803,18.589072002734525,54.67774658679789,0.0,-0.3384225489598475,0.0,6.788817431491406,13,195,666,13.277908573381804,45.3491646660117,0.6809306450198512,-2.0427919350595536,0.04085547100191468,-0.12256641300645615,,,,,,,,,,12,168,609,11.439428924759708,41.467929852253945,0.34250809606002136,-1.7043693860997415,6.829672902492967,-6.911383844497154
83,2782.0,15,1090,787,74.2201043332624,53.588277165392206,-0.33808649099995075,0.0,-6.775280380760524,0.0,14,273,803,18.589072002734525,54.67774658679789,0.0,0.33808649099995075,0.0,6.775280380760524,13,195,665,13.277908573381804,45.281072827173844,0.0,-2.0407511105187237,0.0,0.12219944574515566,,,,,,,,,,12,168,608,11.439428924759708,41.39983801341609,0.3380864909999331,-2.0407511105187237,6.77528038076017,0.12219944574515566
84,2814.1,15,1090,787,74.2201043332624,53.588277165392206,-0.3394401947247282,0.0,-6.7888038944945635,0.0,14,273,804,18.589072002734525,54.745838425635746,0.0,0.0013591185396796437,0.0,-13.591185396778133,14,195,664,13.277908573381804,45.21298098833599,0.3394401947247105,-1.7012783292426086,6.788803894494208,6.829536717860165,,,,,,,,,,12,169,607,11.507520763597563,41.33174617457823,0.34079931326439006,-2.0407185239673016,-6.8023815022832155,0.040732823367729626
85,2849.9,15,1090,787,74.2201043332624,53.588277165392206,-0.3186006940166484,0.0,-6.391187442660934,0.0,14,273,803,18.589072002734525,54.67774658679789,0.0,0.0,0.0,0.0,13,196,663,13.34600041221966,45.144889149498134,0.34934730574241313,-2.0038439992771697,-6.6924771215021615,0.9038690365246983,,,,,,,,,,13,169,606,11.507520763597563,41.26365433574038,0.34934730574241313,-2.0038439992771697,-6.6924771215021615,0.9038690365246983
86,2882.4,15,1089,787,74.15201249442454,53.588277165392206,0.001353703724780525,0.0,13.537037247787035,0.0,14,273,804,18.589072002734525,54.745838425635746,0.0,0.3387646945395596,0.0,-6.761770350091022,13,195,662,13.277908573381804,45.076797310660275,0.34011839826432233,-2.036649278411593,6.775266897695659,-0.04048964281426433,,,,,,,,,,12,169,605,11.507520763597563,41.19556249690252,0.6788830928038643,-2.036649278411593,0.01349654760498916,-0.04048964281426433
87,2914.3,15,1089,787,74.15201249442454,53.588277165392206,0.0027236844482559225,0.0,13.618422241260689,0.0,14,273,803,18.589072002734525,54.67774658679789,0.0,0.0027236844482559225,0.0,13.618422241260689,14,196,662,13.34600041221966,45.076797310660275,0.3391000756495957,-2.0454951916906325,-6.79559269838871,-13.700132774706944,,,,,,,,,,13,169,604,11.507520763597563,41.12747065806467,0.0,-2.3845952673401754,0.0,-6.904540076319296
88,2954.3,15,1089,787,74.15201249442454,53.588277165392206,0.05929278895668837,0.0,13.63052619693941,0.0,14,273,803,18.589072002734525,54.67774658679789,0.0,0.0,0.0,0.0,13,196,660,13.34600041221966,44.940613632984565,0.0,-2.4206925578402623,0.0,-8.889473606698878,,,,,,,,,,13,169,603,11.507520763597563,41.05937881922681,0.3712244178157574,-2.0494681400244854,7.111578885359331,-1.7778947213391754
89,2982.6,15,1090,787,74.2201043332624,53.588277165392206,0.3389297608951448,0.0,-6.7989921944863365,0.0,14,273,804,18.589072002734525,54.745838425635746,0.0,-0.3423377813055675,0.0,-6.8330894472169295,13,196,659,13.34600041221966,44.872521794146714,0.6812675422006769,-2.0438026266020306,0.03409725273059093,-0.10229175819248335,,,,,,,,,,13,170,602,11.575612602435418,40.991286980388956,0.3389297608951271,-2.3861404079075625,-6.798992194485982,-6.935381205408701
90,3014.1,15,1090,787,74.2201043332624,53.588277165392206,0.34216387917298324,0.0,-6.816013529342289,0.0,14,273,804,18.589072002734525,54.745838425635746,0.0,0.004077388173033322,0.0,-13.591293910102827,13,196,658,13.34600041221966,44.804429955308855,0.33808649099993227,-2.7210014806915903,6.775280380760185,0.1629325943269987,,,,,,,,,,12,169,600,11.507520763597563,40.855103302713246,0.6761729819998645,-2.382914989691676,13.55056076152037,6.938212975086828
91,3050.0,15,1090,787,74.2201043332624,53.588277165392206,0.03127531725187931,0.0,-14.216053296308463,0.0,14,273,803,18.589072002734525,54.67774658679789,0.0,0.0,0.0,0.0,13,196,656,13.34600041221966,44.668246277633145,0.33247594983069706,-2.4524329178223727,6.948295712240286,8.226143199549236,,,,,,,,,,13,170,600,11.575612602435418,40.855103302713246,0.6962272169132718,-2.421157600570528,-0.3194618718271467,-5.989910096759951
92,3082.3,15,1090,787,74.2201043332624,53.588277165392206,0.0,0.0,0.0,0.0,14,273,803,18.589072002734525,54.67774658679789,0.0,-0.34521015315677955,0.0,6.775469149298936,14,197,656,13.414092251057514,44.668246277633145,0.3452101531567615,-2.687955610016246,-6.775469149298582,-12.819533385522938,,,,,,,,,,13,170,598,11.575612602435418,40.718919625037536,0.33046503010918526,-2.7027007330638217,6.629188166683739,0.5851239304586822
93,3114.5,15,1090,787,74.2201043332624,53.588277165392206,0.0,0.0,0.0,0.0,14,273,803,18.589072002734525,54.67774658679789,0.0,-0.33791651644966814,0.0,6.778666327977308,14,197,654,13.414092251057514,44.532062599957435,0.33791651644965054,-2.7223790281380285,-6.7786663279769535,-0.19037377851898532,,,,,,,,,,13,171,597,11.643704441273274,40.65082778619968,0.6758330328993011,-2.3844625116883957,-13.557332655953907,-6.969040106495586
94,3150.1,15,1089,787,74.15201249442454,53.588277165392206,0.00204480405880081,0.0,13.632027058684518,0.0,14,273,803,18.589072002734525,54.67774658679789,0.0,0.0,0.0,0.0,14,197,653,13.414092251057514,44.46397076111958,0.339608641284576,-2.3854397052272533,-6.805784394480468,-6.887617473373009,,,,,,,,,,12,171,596,11.643704441273274,40.58273594736182,0.339608641284576,-3.066701791855205,-6.805784394480468,-6.9080757430937485
95,3184.2,15,1090,787,74.2201043332624,53.588277165392206,0.0,0.0,0.0,0.0,14,273,803,18.589072002734525,54.67774658679789,0.0,0.0,0.0,0.0,14,197,651,13.414092251057514,44.327787083443866,0.3162036728069132,-2.965948676613559,6.206156482962007,7.363339732975086,,,,,,,,,,13,171,594,11.643704441273274,40.44655226968611,0.6564304698840991,-2.625721879536399,-0.2314366500023862,0.9257466000108668
96,3214.2,15,1090,787,74.2201043332624,53.588277165392206,0.0,0.0,0.0,0.0,14,273,803,18.589072002734525,54.67774658679789,0.0,0.0,0.0,0.0,14,197,650,13.414092251057514,44.259695244606014,0.3404585112233545,-3.0695958085397392,6.829659202073322,-6.774857523421062,,,,,,,,,,12,171,593,11.643704441273274,40.37846043084826,0.3404585112233634,-3.0695958085397392,6.8296592020735,-6.774857523421062
97,3249.9,15,1090,787,74.2201043332624,53.588277165392206,0.34148296010368306,0.0,-6.82965920207366,0.0,14,273,803,18.589072002734525,54.67774658679789,0.0,0.0,0.0,0.0,14,197,649,13.414092251057514,44.191603405768156,0.6802367883901933,-3.0665238113901396,13.631999767338517,-6.76136261005156,,,,,,,,,,13,171,591,11.643704441273274,40.24227675317255,0.34011839419510104,-3.408006771493787,6.815999883669347,0.06829659201995805
98,3289.9,15,1090,787,74.2201043332624,53.588277165392206,0.0,0.0,0.0,0.0,14,273,803,18.589072002734525,54.67774658679789,0.0,0.0,0.0,0.0,14,198,647,13.48218408989537,44.055419728092446,0.6932247212067386,-3.1654757176826647,0.9276381887470655,-11.138685826997898,,,,,,,,,,13,172,590,11.71179628011113,40.17418491433469,0.6932247212067363,-3.5580525505384566,0.9276381887467011,-18.566818899009082
99,3314.1,15,1090,787,74.2201043332624,53.588277165392206,0.0,0.0,0.0,0.0,14,273,803,18.589072002734525,54.67774658679789,0.0,0.0,0.0,0.0,14,198,645,13.48218408989537,43.919236050416735,0.6812593588579826,-3.0660079148550827,-0.006819409588280388,6.846687226817584,,,,,,,,,,12,172,588,11.71179628011113,40.03800123665898,0.6812593588579826,-3.406296794289904,-0.006819409588635672,0.03409704794228798
100,3349.9,15,1090,787,74.2201043332624,53.588277165392206,0.0,0.0,0.0,0.0,14,273,803,18.589072002734525,54.67774658679789,0.0,0.33994910056389754,0.0,6.798982011277951,13,199,644,13.550275928733226,43.851144211578884,0.6812586774282239,-3.062943095826074,-13.611561986577911,6.8329769213328895,,,,,,,,,,13,172,586,11.71179628011113,39.90181755898327,1.020527539841876,-2.7229939952622124,6.7921830292661465,13.631958932611546
101,3382.4,15,1090,787,74.2201043332624,53.588277165392206,0.0,0.0,0.0,0.0,14,273,803,18.589072002734525,54.67774658679789,0.0,0.0,0.0,0.0,14,199,642,13.550275928733226,43.714960533903174,0.7111780883646214,-2.566805157196565,-0.5394572772252736,24.08291416183247,,,,,,,,,,13,173,584,11.779888118948985,39.76563388130756,0.38148299348910925,-3.2779832455611797,-7.667999869127825,24.62237143905832
102,3414.1,15,1090,787,74.2201043332624,53.588277165392206,0.0,0.0,0.0,0.0,14,273,803,18.589072002734525,54.67774658679789,0.0,0.33994910056389754,0.0,6.798982011277951,14,199,641,13.550275928733226,43.646868695065315,0.3406293387141164,-2.0424155559841894,-6.805780993289043,13.625159950600274,,,,,,,,,,13,173,583,11.779888118948985,39.6975420424697,0.6805784392779873,-2.3830448946983145,-0.006798982011270942,20.430940943889496
103,3450.0,15,1090,787,74.2201043332624,53.588277165392206,0.0,0.0,0.0,0.0,14,273,804,18.589072002734525,54.745838425635746,0.0,0.024878777390451242,0.0,-13.094093363394764,14,199,640,13.550275928733226,43.57877685622746,0.3215758491228973,-2.0289702042992195,6.4250918905673835,13.825822110172716,,,,,,,,,,12,174,583,11.84797995778684,39.6975420424697,0.6929092530266944,-2.004091426908735,-13.338002945653393,0.7317287467786227
104,3481.9,15,1090,787,74.2201043332624,53.588277165392206,0.0,0.0,0.0,0.0,14,273,803,18.589072002734525,54.67774658679789,0.0,0.33556500390123956,0.0,6.745025204045015,14,200,640,13.618367767571081,43.57877685622746,0.34439081853881404,-1.359911644880108,-6.833151161484423,0.1762519148802328,,,,,,,,,,12,173,581,11.779888118948985,39.56135836479399,0.335565003901222,-1.3687374595176647,6.745025204044664,13.754428280409316
105,3514.2,15,1090,787,74.2201043332624,53.588277165392206,0.0,0.0,0.0,0.0,14,273,804,18.589072002734525,54.745838425635746,0.0,-0.0006802381502276932,0.0,-13.604763004567173,14,199,639,13.550275928733226,43.510685017389605,0.3406293387141075,-1.3611568785559747,6.805780993288867,-0.013597964022541884,,,,,,,,,,12,174,581,11.84797995778684,39.56135836479399,0.33994910056387984,-1.3611568785559747,-6.798982011277595,-0.013597964022541884
106,3553.9,15,1090,787,74.2201043332624,53.588277165392206,0.0,0.0,0.0,0.0,14,273,803,18.589072002734525,54.67774658679789,0.0,-0.3147298638941425,0.0,6.556872164461303,13,200,638,13.618367767571081,43.442593178551746,0.31472986389412605,-0.9981202067388096,-6.55687216446096,6.017296225927557,,,,,,,,,,12,174,580,11.84797995778684,39.49326652595614,0.3686604789505767,-1.3128500706329578,7.096448102994732,12.574168390387436
107,3582.7,15,1090,787,74.2201043332624,53.588277165392206,0.0,0.0,0.0,0.0,14,273,804,18.589072002734525,54.745838425635746,0.0,-0.009514285551900505,0.0,-13.591836502718442,14,200,638,13.618367767571081,43.442593178551746,0.0,-2.050428336633063,0.0,-13.876979925851598,,,,,,,,,,13,174,580,11.84797995778684,39.49326652595614,0.680304683693721,-1.3701236529393424,0.09504780771128823,-13.78193211814102
108,3614.2,15,1090,787,74.2201043332624,53.588277165392206,0.0,0.0,0.0,0.0,14,273,803,18.589072002734525,54.67774658679789,0.0,-0.34045919418929316,0.0,6.809183883785862,14,200,637,13.618367767571081,43.374501339713895,0.6809183883785508,-1.702295970946395,0.0,-6.809183883785862,,,,,,,,,,12,174,579,11.84797995778684,39.42517468711828,0.3404591941892754,-1.702295970946395,6.809183883785507,-6.809183883785862
109,3649.9,15,1090,787,74.2201043332624,53.588277165392206,0.0,0.0,0.0,0.0,14,273,803,18.589072002734525,54.67774658679789,0.0,0.33401530823495373,0.0,6.9586522548948695,14,200,637,13.618367767571081,43.374501339713895,0.3340153082349363,-1.697766540702069,6.958652254894506,-20.5932615168288,,,,,,,,,,13,175,579,11.916071796624696,39.42517468711828,0.36170530776234294,-1.363751232467188,-7.241347502749602,-13.634609261933901
110,3682.1,15,1090,787,74.2201043332624,53.588277165392206,0.0,0.0,0.0,0.0,14,273,803,18.589072002734525,54.67774658679789,0.0,-0.006146816587870116,0.0,13.659592417487668,13,200,634,13.618367767571081,43.170225823200326,0.0,-2.389964917243525,0.0,7.045257981979129,,,,,,,,,,12,175,577,11.916071796624696,39.28899100944257,0.6819690025570307,-1.7079959146865298,-0.06156050663865604,6.983697475340477
111,3714.2,15,1090,787,74.2201043332624,53.588277165392206,0.0,0.0,0.0,0.0,14,273,803,18.589072002734525,54.67774658679789,0.0,0.0,0.0,0.0,14,201,634,13.686459606408937,43.170225823200326,0.3416466452900855,-2.372593334434185,-6.785434861769306,-6.596763385969931,,,,,,,,,,12,175,576,11.916071796624696,39.22089917060471,0.6785599949310631,-2.0356799847931897,-0.047167868949755075,0.14150360684997249
112,3749.8,15,1090,787,74.2201043332624,53.588277165392206,0.0,0.0,0.0,0.0,14,273,804,18.589072002734525,54.745838425635746,0.0,0.34131093870249163,0.0,-6.812593586876093,14,201,633,13.686459606408937,43.102133984362474,0.3413109387024738,-2.7223246355076545,-6.812593586875738,0.08158794714743296,,,,,,,,,,12,175,576,11.916071796624696,39.22089917060471,0.339270220174431,-2.381013696805163,6.792196600088703,-6.731005639727244
113,3782.4,15,1090,787,74.2201043332624,53.588277165392206,0.0,0.0,0.0,0.0,14,273,804,18.589072002734525,54.745838425635746,0.0,-0.005458345673562077,0.0,-13.645864183902264,13,200,631,13.618367767571081,42.965950306686764,0.34354009463920543,-2.0448655308145476,6.850251139366,-0.16391428449205764,,,,,,,,,,12,176,575,11.98416363546255,39.15280733176686,0.6816218436048581,-1.7067837818489218,0.05463809483062672,-6.959527329027255
114,3814.9,15,1090,787,74.2201043332624,53.588277165392206,0.0,0.0,0.0,0.0,14,273,803,18.589072002734525,54.67774658679789,0.0,0.3442210137085214,0.0,6.836564323903086,13,201,630,13.686459606408937,42.897858467848906,0.0,-2.3769271115866566,0.0,6.510690354143282,,,,,,,,,,12,176,573,11.98416363546255,39.01662365409115,0.6802870313237945,-1.6966400802628356,0.0814684924399504,6.592158846583061
115,3850.0,15,1090,787,74.2201043332624,53.588277165392206,0.0,0.0,0.0,0.0,14,273,804,18.589072002734525,54.745838425635746,0.0,0.0,0.0,0.0,14,201,629,13.686459606408937,42.82976662901105,0.33876469453954194,-2.376767676675933,6.7617703500906705,6.815756540511688,,,,,,,,,,12,176,572,11.98416363546255,38.94853181525329,0.6788830928038732,-2.038002982136373,-0.013496547604812942,13.577526890601296
116,3881.9,15,1090,787,74.2201043332624,53.588277165392206,0.0,0.0,0.0,0.0,14,273,803,18.589072002734525,54.67774658679789,0.0,-0.34422101370852054,0.0,6.836564323903101,13,201,628,13.686459606408937,42.761674790173196,0.680287031323787,-2.040861093971396,-0.08146849243974166,0.2444054773192328,,,,,,,,,,12,177,572,12.052255474300408,38.94853181525329,0.34422101370851155,-2.0408610939713614,-6.836564323902922,0.244405477319935
117,3914.4,15,1090,787,74.2201043332624,53.588277165392206,0.0,0.0,0.0,0.0,14,273,804,18.589072002734525,54.745838425635746,0.0,0.34319861167911936,0.0,-6.857115118463929,13,201,627,13.686459606408937,42.69358295133534,0.33909667308476044,-1.7077891812068429,6.816013529341918,6.939318296707233,,,,,,,,,,13,177,571,12.052255474300408,38.88043997641544,0.34319861167911037,-1.3645905695277236,-6.85711511846375,0.08220317824330549
118,3950.4,15,1090,787,74.2201043332624,53.588277165392206,0.0,0.0,0.0,0.0,14,273,804,18.589072002734525,54.745838425635746,0.0,0.0,0.0,0.0,14,202,626,13.754551445246792,42.625491112497485,0.3375760571703468,-1.7001493312688567,-6.785448385333604,6.662696555246803,,,,,,,,,,12,177,570,12.052255474300408,38.81234813757758,0.6812866370492726,-1.3625732740985275,0.06137591504304727,-0.12275183008644723
119,3982.6,15,1090,787,74.2201043332624,53.588277165392206,0.0,0.0,0.0,0.0,14,273,803,18.589072002734525,54.67774658679789,0.0,0.3437037300962395,0.0,6.826290567949159,13,202,625,13.754551445246792,42.55739927365963,0.33623582244559574,-1.3524111974330086,-6.751723342281046,13.428879458895043,,,,,,,,,,12,177,569,12.052255474300408,38.74425629873973,0.3437037300962216,-1.3524111974330093,6.826290567948802,13.428879458893626
120,4014.5,15,1090,787,74.2201043332624,53.588277165392206,0.0,0.0,0.0,0.0,14,273,804,18.589072002734525,54.745838425635746,0.0,0.0,0.0,0.0,13,202,625,13.754551445246792,42.55739927365963,0.339608641284576,-1.3625241732559055,-6.805784394480468,-0.040916539445737726,,,,,,,,,,12,177,569,12.052255474300408,38.74425629873973,0.34165344534337677,-1.0208707279125464,6.826242664203337,6.785326124757243
121,4049.9,15,1090,787,74.2201043332624,53.588277165392206,0.0,0.0,0.0,0.0,14,273,804,18.589072002734525,54.745838425635746,0.0,-0.33960591300085113,0.0,-6.826249507554796,13,202,624,13.754551445246792,42.489307434821775,0.0,-1.365267052891554,0.0,0.06860552268892571,,,,,,,,,,12,178,568,12.120347313138263,38.67616445990187,0.34302761344494365,-1.0256611398907032,-6.860552268898903,6.894855030243723
122,4082.2,15,1090,787,74.2201043332624,53.588277165392206,0.0,0.0,0.0,0.0,14,273,804,18.589072002734525,54.745838425635746,0.0,0.34251152323652695,0.0,-6.850230464730538,13,202,624,13.754551445246792,42.489307434821775,0.3397769112349881,-1.0220653457064675,6.822829542871253,-6.795428621012684,,,,,,,,,,13,178,568,12.120347313138263,38.67616445990187,0.6822884344714971,-1.0220653457065032,-0.027400921858927067,-6.795428621011968
123,4114.3,15,1090,787,74.2201043332624,53.588277165392206,0.0,0.0,0.0,0.0,14,273,804,18.589072002734525,54.745838425635746,0.0,0.0,0.0,0.0,13,202,623,13.754551445246792,42.42121559598392,0.0,-1.3652505875619687,0.0,-0.013721021798017334,,,,,,,,,,12,178,568,12.120347313138263,38.67616445990187,0.6826252937809844,-1.3659349235241804,0.006860510899008667,-13.700440265270938
124,4149.9,15,1090,787,74.2201043332624,53.588277165392206,0.0,0.0,0.0,0.0,14,273,803,18.589072002734525,54.67774658679789,0.0,-3.1441863002079838e-15,0.0,13.618367767571788,13,202,622,13.754551445246792,42.353123757146065,0.3404591941892746,-1.3618367767571047,6.809183883785523,6.245004513516547e-14,,,,,,,,,,12,178,567,12.120347313138263,38.60807262106402,0.3404591941892746,-1.3618367767571016,6.809183883785523,-13.618367767571725
125,4182.2,15,1090,787,74.2201043332624,53.588277165392206,0.0,0.0,0.0,0.0,14,273,804,18.589072002734525,54.745838425635746,0.0,0.0,0.0,0.0,14,203,622,13.822643284084647,42.353123757146065,0.33994773821402835,-1.3638887565976117,-6.81941300329045,-0.04103959681019936,,,,,,,,,,12,179,566,12.188439151976118,38.53998078222616,0.33994773821402835,-1.3638887565976117,-6.81941300329045,-0.04103959681019936
126,4214.0,15,1090,787,74.2201043332624,53.588277165392206,0.0,0.0,0.0,0.0,14,273,804,18.589072002734525,54.745838425635746,0.0,0.0,0.0,0.0,13,202,621,13.754551445246792,42.285031918308206,0.3394381560448614,-1.3632109042214053,6.809190692976168,0.05463743785745688,,,,,,,,,,12,179,565,12.188439151976118,38.4718889433883,0.6816054521107027,-1.7053782002872646,-0.02731871892872844,6.891146849762709
127,4249.9,15,1090,787,74.2201043332624,53.588277165392206,0.0,0.0,0.0,0.0,14,273,804,18.589072002734525,54.745838425635746,0.0,0.34062933871412593,0.0,-6.805780993289204,13,203,620,13.822643284084647,42.216940079470355,0.3406293387141081,-1.3611568785560064,-6.805780993288849,0.013597964021893973,,,,,,,,,,12,179,564,12.188439151976118,38.40379710455045,0.6805784392779856,-1.3618371167062373,-0.0067989820113020715,13.618360968588998
128,4281.9,15,1090,787,74.2201043332624,53.588277165392206,0.0,0.0,0.0,0.0,14,273,804,18.589072002734525,54.745838425635746,0.0,0.0,0.0,0.0,13,203,620,13.822643284084647,42.216940079470355,0.0,-1.3625350844013862,0.0,0.06819450546065846,,,,,,,,,,12,179,564,12.188439151976118,38.40379710455045,0.3389297608951218,-1.0236053235062468,6.798992194485906,6.867186699946919
129,4314.1,15,1090,787,74.2201043332624,53.588277165392206,0.0,0.0,0.0,0.0,14,273,804,18.589072002734525,54.745838425635746,0.0,-0.33859539734675753,0.0,-6.765142804130995,13,203,619,13.822643284084647,42.148848240632496,0.340627981460963,-1.3584467576154058,-6.7854179573897255,0.04055030651816722,,,,,,,,,,12,180,563,12.256530990813973,38.33570526571259,0.340627981460963,-1.3584467576154058,-6.7854179573897255,0.04055030651816722
130,4350.0,15,1090,787,74.2201043332624,53.588277165392206,0.0,0.0,0.0,0.0,14,273,804,18.589072002734525,54.745838425635746,0.0,0.0,0.0,0.0,13,203,618,13.822643284084647,42.08075640179464,0.0,-1.3638997005587286,0.0,-0.06839960243791764,,,,,,,,,,12,180,563,12.256530990813973,38.33570526571259,0.6819498502793466,-1.0246322004949118,0.034199801219314305,-6.881000005325779
131,4382.1,15,1090,787,74.2201043332624,53.588277165392206,0.0,0.0,0.0,0.0,14,273,804,18.589072002734525,54.745838425635746,0.0,-0.33977963491945645,0.0,-6.782028641106865,13,203,618,13.822643284084647,42.08075640179464,0.0,-1.3591185396777778,0.0,5.828325409811171e-13,,,,,,,,,,12,180,563,12.256530990813973,38.33570526571259,0.6795592698388712,-1.0193389047583277,6.207683868437933e-14,-6.78202864110622
132,4414.5,15,1090,787,74.2201043332624,53.588277165392206,0.0,0.0,0.0,0.0,14,273,803,18.589072002734525,54.67774658679789,0.0,0.004761724135203365,0.0,13.604926100584422,13,203,617,13.822643284084647,42.012664562956786,0.0,-1.3611895140690171,0.0,-0.09518688925943265,,,,,,,,,,12,180,561,12.256530990813973,38.19952158803688,0.34267824058485585,-1.0185112734841433,6.826259772606714,6.731072883347637
133,4449.6,15,1090,787,74.2201043332624,53.588277165392206,0.0,0.0,0.0,0.0,14,273,804,18.589072002734525,54.745838425635746,0.0,0.0,0.0,0.0,13,203,616,13.822643284084647,41.94457272411893,0.33926750006381257,-1.024632200494878,6.812600402887777,6.881000005326459,,,,,,,,,,12,181,561,12.324622829651828,38.19952158803688,0.6819498502793496,-1.024632200494878,-0.03419980121925204,6.881000005326459
134,4482.3,15,1090,787,74.2201043332624,53.588277165392206,0.0,0.0,0.0,0.0,14,273,803,18.589072002734525,54.67774658679789,0.0,-0.33858861967436943,0.0,6.8058014004898375,13,203,616,13.822643284084647,41.94457272411893,0.3433694386581505,-1.3639161166649865,6.853681410342338,-0.0957600197053539,,,,,,,,,,13,181,561,12.324622829651828,38.19952158803688,0.6819580583324932,-1.3639161166649865,0.04788000985267695,-0.0957600197053539
135,4514.2,15,1090,787,74.2201043332624,53.588277165392206,0.0,0.0,0.0,0.0,14,273,804,18.589072002734525,54.745838425635746,0.0,0.0006843359621762057,0.0,-13.686719243473634,13,203,615,13.822643284084647,41.876480885281076,0.340970478909413,-1.3652505875619687,6.839929366287134,0.013721021798017334,,,,,,,,,,13,181,560,12.324622829651828,38.13142974919903,0.6826252937809844,-1.0235957726903706,-0.006860510899008667,-6.833068855388303
136,4549.7,15,1090,787,74.2201043332624,53.588277165392206,0.339102108229612,0.0,6.775266897694582,0.0,14,273,804,18.589072002734525,54.745838425635746,0.0,-0.33910210822968273,0.0,-6.775266897695996,13,204,615,13.890735122922504,41.876480885281076,0.34045851530889787,-1.0186627317682015,-6.788803894494462,-6.761729900897355,,,,,,,,,,13,182,560,12.392714668489683,38.13142974919903,0.340458515308889,-1.357764839997884,-6.7888038944942855,-13.536996798593353
137,4581.8,15,1090,787,74.2201043332624,53.588277165392206,0.0,0.0,0.0,0.0,14,273,803,18.589072002734525,54.67774658679789,0.0,0.33858861967436943,0.0,6.8058014004898375,13,204,614,13.890735122922504,41.80838904644322,0.3433694386581505,-1.3639161166649865,-6.853681410342338,0.0957600197053539,,,,,,,,,,12,182,559,12.392714668489683,38.06333791036117,0.34336943865814157,-1.3639161166649865,-6.853681410342159,0.0957600197053539
138,4614.0,15,1090,787,74.2201043332624,53.588277165392206,0.0,0.0,0.0,0.0,14,273,803,18.589072002734525,54.67774658679789,0.0,-0.02881041265703699,0.0,13.095642116836094,13,204,613,13.890735122922504,41.740297207605366,0.6681884484872693,-1.3363768969745204,-0.2824550260495433,0.5649100520987367,,,,,,,,,,13,182,558,12.392714668489683,37.99524607152332,0.6681884484872685,-1.0166878790594247,-0.2824550260492007,6.971503597491424
139,4650.0,15,1091,787,74.28819617210024,53.588277165392206,-0.003401211138020989,0.0,-13.604844552084062,0.0,14,273,803,18.589072002734525,54.67774658679789,0.0,-0.33859269348467735,0.0,6.785424719131798,13,204,613,13.890735122922504,41.740297207605366,0.0,-1.3611731962146816,0.0,-0.06799022764660856,,,,,,,,,,12,182,557,12.392714668489683,37.92715423268546,0.6839878092453713,-1.35777198507666,13.638839665909675,13.536854324440295
140,4682.0,15,1090,787,74.2201043332624,53.588277165392206,0.0,0.0,0.0,0.0,14,273,804,18.589072002734525,54.745838425635746,0.0,0.34011839826433937,0.0,-6.775266897696028,13,204,612,13.890735122922504,41.67220536876751,0.3387646945395442,-1.3577661856077317,6.761770350090715,0.02699309520991833,,,,,,,,,,12,182,557,12.392714668489683,37.92715423268546,0.33876469453955305,-1.3577661856077317,6.761770350090892,0.02699309520991833
141,4718.2,15,1090,787,74.2201043332624,53.588277165392206,0.0,0.0,0.0,0.0,14,273,804,18.589072002734525,54.745838425635746,0.0,0.31335346651594304,0.0,-6.528197219082148,13,205,611,13.958826961760359,41.604113529929656,0.3133534665159267,-0.9958778458120349,-6.5281972190818065,5.970580373284878,,,,,,,,,,12,183,557,12.46080650732754,37.92715423268546,0.6825243792960971,-1.0516952920762674,0.5576168457963883,-7.643430910674582
142,4749.8,15,1090,787,74.2201043332624,53.588277165392206,-0.3414829601036118,0.0,6.829659202072235,0.0,14,273,803,18.589072002734525,54.67774658679789,0.0,0.3401183941951099,0.0,6.815999883669525,13,204,611,13.890735122922504,41.604113529929656,0.0,-1.363202708597515,0.0,0.027318636808269965,,,,,,,,,,13,184,556,12.528898346165395,37.85906239384761,0.6829659202073394,-0.6816013542987573,-13.659318404146786,0.013659318403422476
143,4782.4,15,1090,787,74.2201043332624,53.588277165392206,0.0,0.0,0.0,0.0,14,273,804,18.589072002734525,54.745838425635746,0.0,0.0,0.0,0.0,13,205,610,13.958826961760359,41.5360216910918,-0.0054474342659717205,-1.0186865500404183,-13.618585664941653,6.727581318481608,,,,,,,,,,12,183,555,12.46080650732754,37.79097055500975,0.6809401781156236,-0.6754927438496429,0.05447434265953983,13.564111322281937
144,4814.2,15,1090,787,74.2201043332624,53.588277165392206,0.0,0.0,0.0,0.0,14,273,804,18.589072002734525,54.745838425635746,0.0,-0.33401530823495135,0.0,-6.958652254894821,13,205,610,13.958826961760359,41.5360216910918,0.0,-0.6957206159972791,0.0,0.2826952478558679,,,,,,,,,,12,184,555,12.528898346165395,37.79097055500975,0.36170530776234366,-0.7234106155246873,-7.241347502749584,14.482695005499169
145,4849.8,15,1090,787,74.2201043332624,53.588277165392206,0.0,0.0,0.0,0.0,14,273,804,18.589072002734525,54.745838425635746,0.0,0.34062933871412443,0.0,-6.805780993289237,13,204,609,13.890735122922504,41.467929852253945,0.3399491005638822,-0.6812586774282134,6.7989820112776425,13.611561986577765,,,,,,,,,,12,184,555,12.528898346165395,37.79097055500975,0.3399491005638822,-0.34062933871412443,6.7989820112776425,6.805780993289237
146,4882.0,15,1090,787,74.2201043332624,53.588277165392206,0.0,0.0,0.0,0.0,14,273,804,18.589072002734525,54.745838425635746,0.0,0.0,0.0,0.0,13,204,609,13.890735122922504,41.467929852253945,-0.0034148501517485587,-0.34268235021552973,13.659400606994325,6.846800204106462,,,,,,,,,,12,184,555,12.528898346165395,37.79097055500975,0.3426823502155476,-0.33926750006381673,-6.84680020410682,-6.8126004028878615
147,4914.1,15,1090,787,74.2201043332624,53.588277165392206,0.0,0.0,0.0,0.0,14,273,803,18.589072002734525,54.67774658679789,0.0,-0.0020407185280398397,0.0,13.604790186965086,13,205,609,13.958826961760359,41.467929852253945,0.0,-0.34131093870245366,0.0,6.812593586875335,,,,,,,,,,12,184,555,12.528898346165395,37.79097055500975,0.3392702201744317,-0.3392702201744494,6.792196600088687,-6.792196600089041
148,4949.9,15,1090,787,74.2201043332624,53.588277165392206,0.0,0.0,0.0,0.0,14,273,804,18.589072002734525,54.745838425635746,0.0,0.0,0.0,0.0,13,205,609,13.958826961760359,41.467929852253945,0.3399491005638822,-0.34062933871412443,-6.7989820112776425,-6.805780993289237,,,,,,,,,,13,185,555,12.59699018500325,37.79097055500975,0.3399491005638822,-0.34062933871412443,-6.7989820112776425,-6.805780993289237
149,4982.1,15,1090,787,74.2201043332624,53.588277165392206,0.0,0.0,0.0,0.0,14,273,804,18.589072002734525,54.745838425635746,0.0,0.0,0.0,0.0,13,205,609,13.958826961760359,41.467929852253945,0.6788871417842433,0.0,-0.02699317570582566,0.0,,,,,,,,,,12,184,554,12.528898346165395,37.72287871617189,0.33808986313047446,-0.3407972786537866,6.755042220389075,6.782035396095256
150,5014.3,15,1090,787,74.2201043332624,53.588277165392206,0.0,0.0,0.0,0.0,14,273,804,18.589072002734525,54.745838425635746,0.0,0.04614681553324801,0.0,-12.64296315979367,13,205,609,13.958826961760359,41.467929852253945,0.0,-0.30557500202901894,0.0,-6.09930143770498,,,,,,,,,,12,185,554,12.59699018500325,37.72287871617189,0.6572968195912515,-0.35172181756226695,-0.44436028438368486,6.543661722088689
151,5049.9,15,1090,787,74.2201043332624,53.588277165392206,0.0,0.0,0.0,0.0,14,273,804,18.589072002734525,54.745838425635746,0.0,0.0,0.0,0.0,13,205,608,13.958826961760359,41.39983801341609,0.0,-0.3416466452901041,0.0,6.785434861769644,,,,,,,,,,12,185,554,12.59699018500325,37.72287871617189,0.3369133496409753,-0.6785599949310617,6.738266992819505,0.047167868950491194
152,5082.6,15,1090,787,74.2201043332624,53.588277165392206,0.0,0.0,0.0,0.0,14,273,804,18.589072002734525,54.745838425635746,0.0,0.0,0.0,0.0,13,206,609,14.026918800598214,41.467929852253945,-0.00818768259462772,-0.3449184231162112,-13.646137657704541,-6.864048221218133,,,,,,,,,,12,185,554,12.59699018500325,37.72287871617189,0.6816491636377587,-0.34491842311617527,0.08195878473100794,-6.864048221217417
153,5121.8,15,1090,787,74.2201043332624,53.588277165392206,0.0,0.0,0.0,0.0,14,273,803,18.589072002734525,54.67774658679789,0.0,0.048187534061294,0.0,12.68093001612941,13,205,608,13.958826961760359,41.39983801341609,0.0,-0.658389117331646,0.0,-0.4646821028090078,,,,,,,,,,12,186,554,12.665082023841105,37.72287871617189,0.30510079163516,-0.3532883256964331,-6.108123956659883,-6.5728060594685225
154,5150.6,15,1090,787,74.2201043332624,53.588277165392206,0.0,0.0,0.0,0.0,14,273,804,18.589072002734525,54.745838425635746,0.0,0.0,0.0,0.0,13,205,608,13.958826961760359,41.39983801341609,0.0,-0.33213214332288815,0.0,-6.596467593304583,,,,,,,,,,12,186,553,12.665082023841105,37.65478687733404,0.34009506885059004,-0.3400950688505723,-6.675074952906599,6.675074952906251
155,5181.9,15,1090,787,74.2201043332624,53.588277165392206,0.0,0.0,0.0,0.0,14,273,804,18.589072002734525,54.745838425635746,0.0,0.0,0.0,0.0,13,205,608,13.958826961760359,41.39983801341609,-0.34406343065712786,-0.6833268323931887,6.881268613142556,0.04816888029205068,,,,,,,,,,13,186,553,12.665082023841105,37.65478687733404,0.6833268323931532,-0.3440634306571099,-0.04816888029204805,6.881268613142196
156,5221.7,15,1090,787,74.2201043332624,53.588277165392206,0.0,0.0,0.0,0.0,14,273,804,18.589072002734525,54.745838425635746,0.0,0.3276923020994986,0.0,-7.085238964313483,13,205,607,13.958826961760359,41.33174617457823,0.0,-0.3276923020994986,0.0,7.085238964313483,,,,,,,,,,12,186,553,12.665082023841105,37.65478687733404,0.3822203011688325,-0.32769230209946437,7.652058081458136,7.085238964312745
157,5252.5,15,1090,787,74.2201043332624,53.588277165392206,0.0,0.0,0.0,0.0,14,273,804,18.589072002734525,54.745838425635746,0.0,0.0,0.0,0.0,13,205,607,13.958826961760359,41.33174617457823,0.0,-0.3269096918240179,0.0,6.69896909475444,,,,,,,,,,12,186,553,12.665082023841105,37.65478687733404,0.3563498077970223,0.0,6.994108102002425,0.0
158,5281.9,15,1090,787,74.2201043332624,53.588277165392206,0.0,0.0,0.0,0.0,14,273,804,18.589072002734525,54.745838425635746,0.0,-0.3394401947247258,0.0,-6.788803894494516,13,205,607,13.958826961760359,41.33174617457823,0.0,-0.3407993132644086,0.0,6.802381502283554,,,,,,,,,,12,187,553,12.73317386267896,37.65478687733404,0.34079931326439084,0.0,-6.8023815022831995,0.0
159,5314.2,15,1090,787,74.2201043332624,53.588277165392206,0.0,0.0,0.0,0.0,14,273,804,18.589072002734525,54.745838425635746,0.0,0.0,0.0,0.0,13,205,607,13.958826961760359,41.33174617457823,0.32570830519342264,0.0,7.042341733911842,0.0,,,,,,,,,,12,187,553,12.73317386267896,37.65478687733404,0.38295454948059154,0.0,-7.636182442284962,0.0
160,5350.1,15,1090,787,74.2201043332624,53.588277165392206,0.0,0.0,0.0,0.0,14,273,804,18.589072002734525,54.745838425635746,0.0,0.0,0.0,0.0,13,205,607,13.958826961760359,41.33174617457823,0.33280718633582507,-0.3328071863358077,6.8198193921275365,-6.81981939212718,,,,,,,,,,12,187,553,12.73317386267896,37.65478687733404,0.3542843767811212,0.0,-7.036432508065974,0.0
161,5382.1,15,1090,787,74.2201043332624,53.588277165392206,0.0,0.0,0.0,0.0,14,273,803,18.589072002734525,54.67774658679789,0.0,-0.33892976089513943,0.0,6.798992194486261,13,205,607,13.958826961760359,41.33174617457823,0.3423377813055537,0.0,6.83308944721659,0.0,,,,,,,,,,12,187,553,12.73317386267896,37.65478687733404,0.3423377813055626,0.0,6.833089447216768,0.0
162,5414.5,15,1090,787,74.2201043332624,53.588277165392206,0.34199390462262763,0.0,6.81941983295368,0.0,14,273,804,18.589072002734525,54.745838425635746,0.0,0.0,0.0,0.0,13,206,607,14.026918800598214,41.33174617457823,0.33859269348465965,-0.3419939046226633,-6.785424719131443,-6.819419832954392,,,,,,,,,,12,187,553,12.73317386267896,37.65478687733404,0.34199390462269014,0.0,6.819419832954925,0.0
163,5450.8,15,1090,787,74.2201043332624,53.588277165392206,0.0,0.0,0.0,0.0,14,273,804,18.589072002734525,54.745838425635746,0.0,0.0,0.0,0.0,13,206,606,14.026918800598214,41.26365433574038,0.3348726173517262,-0.33487261735170876,-6.7787979220997086,6.778797922099354,,,,,,,,,,13,187,553,12.73317386267896,37.65478687733404,0.34787617682729904,0.0,6.909159420601781,0.0
164,5481.8,15,1090,787,74.2201043332624,53.588277165392206,0.0,0.0,0.0,0.0,14,273,803,18.589072002734525,54.67774658679789,0.0,0.33943815604488387,0.0,6.80919069297662,13,206,607,14.026918800598214,41.33174617457823,0.0027291400209737177,-0.33943815604484845,-13.645700104881195,-6.80919069297591,,,,,,,,,,12,188,553,12.801265701516817,37.65478687733404,0.34216729606584884,-0.33943815604488387,-6.836509411905109,-6.80919069297662
165,5514.3,15,1091,787,74.28819617210024,53.588277165392206,0.010765805984801334,0.0,-13.4572574810063,0.0,14,273,804,18.589072002734525,54.745838425635746,0.0,0.0,0.0,0.0,13,206,606,14.026918800598214,41.26365433574038,-0.3330885258477723,-0.3438543318325574,-6.675120758472379,6.782136722535674,,,,,,,,,,12,188,553,12.801265701516817,37.65478687733404,0.6769428576803567,0.0,-0.10701596406382591,0.0
166,5549.6,15,1090,787,74.2201043332624,53.588277165392206,,,,,14,273,804,18.589072002734525,54.745838425635746,,,,,13,206,606,14.026918800598214,41.26365433574038,,,,,,,,,,,,,,12,188,553,12.801265701516817,37.65478687733404,,,,
167,5581.9,15,1090,787,74.2201043332624,53.588277165392206,,,,,14,273,804,18.589072002734525,54.745838425635746,,,,,13,205,606,13.958826961760359,41.26365433574038,,,,,,,,,,,,,,13,188,552,12.801265701516817,37.58669503849618,,,,
168,5615.7,15,1090,787,74.2201043332624,53.588277165392206,,,,,14,273,804,18.589072002734525,54.745838425635746,,,,,13,205,606,13.958826961760359,41.26365433574038,,,,,,,,,,,,,,12,189,553,12.869357540354672,37.65478687733404,,,,
